{
  "project_info": {
    "project_number": "968362027178",
    "firebase_url": "https://citriot-automation.firebaseio.com",
    "project_id": "citriot-automation",
    "storage_bucket": "citriot-automation.appspot.com"
  },
  "client": [
    {
      "client_info": {
        "mobilesdk_app_id": "1:968362027178:android:380ad730f820e4ff9fc8d3",
        "android_client_info": {
          "package_name": "com.example.myapplication"
        }
      },
      "oauth_client": [
        {
          "client_id": "968362027178-8rtghkjuv3sjvaa5t1scs6ig0uiflv1h.apps.googleusercontent.com",
          "client_type": 3
        }
      ],
      "api_key": [
        {
          "current_key": "AIzaSyCKENDMjG35y4w3w_JYX5L4_Wtsdw3l11Y"
        }
      ],
      "services": {
        "appinvite_service": {
          "other_platform_oauth_client": [
            {
              "client_id": "968362027178-8rtghkjuv3sjvaa5t1scs6ig0uiflv1h.apps.googleusercontent.com",
              "client_type": 3
            }
          ]
        }
      }
    }
  ],
  "configuration_version": "1"
}